instagram_handle,followers
alainsitohoya,939
toku_photobiz,"3,211"
qa_1863,168
originalhiroki,56
monica13772019,104
dustysypult,276
maxresist1488,210
mei_chews,40
pusheenfoodie30,699
lunanorii,241
siren_shori,65
sammynycart,973
vmm724,5
die.martiiins,59
r_lanxx,0
the.illuminerdi,"3,884"
devil0ck,389
starberry_journals_,292
pandawinner,112
treehuggergrl,249
oki_whatever,206
rachelelaine304,"1,529"
marissa_jaspar,"1,155"
catnerdcreations,47000
macou__,94
nurik_22.12.1987,221
kenigrand,2
ru_c531,292
hawques67,286
maaumx,885
zekesmommy11,0
_the_bearded_don_,553
j3nnee,270
ky.poo.poo,232
ach11nyourheart,186
wilsonsunsunsunsun,437
fiddle_99,665
sparda514,480
cordialdollie,35
miss_yurisama,582
aoko_llin,1
samanthacox79,"1,725"
dvdanvargas,360
yi_o9_25,795
vampyyrin_sydan85,200
itsmaggiemay,617
mango__san,375
costi.jpeg,32
da_rock72,79
alohaashleyyy,"1,497"
sun20priscilla,153
lilysmom50999,280
lotus_juicez,748
khamk1ng,277
ccy_.zip,299
icemanf150,"1,218"
erinturner7515,56
mario.chinteguas,928
aj_highet,198
tania_perdomo,"1,874"
jennychz20,3
chadfath,286
lalaurashley,197
cesar_magiscar,198
justadmiringyourcraft,0
cloudfiendcos,"2,163"
psyklops.91,430
kidtotoro,497
snowballchiang,465
farmer_curtis828,265
chinchilla24,0
officialmelissaalvarado,390
ninasanime,498
xxnike0629xx,204
suzanne_weber30,559
onegai_my_melody,"2,212"
bakermamas63,707
themadcatter84,61
madamemuertos,615
renaceline,90
tobbitgirl25,215
milkywayfishes,"1,345"
themagicishere,265
_gxthicrxse_,835
hitmonone,363
ksflenner,763
mauro_carlini,600
shovahillustration,816
herrothere890,242
snowflake2632,69
coleon_81s,212
hpolese,270
theyrenotjusttoys,760
crftyduchess,362
briabecker,907
midorema,0
ruralfox,290
glitzpearl,0
masheep17,275
demetriusofthewest,838
mrdarkcurvo,42
_jasutiin,436
imegav2,560
dr.shemp,274
poll.grnds14,637
redasp07,"1,497"
le_dynasty8,180
rwhi379,668
audreyy810,365
black_sakuragi_8,978
rhiannon.lee.7,0
shawe93,130
extendochicken_,340
sheilaowen67,104
prinsipemasanting,903
ian.quimby,361
maheen_munir,103
muhdjaffar.sadiq,367
bobbieljenkins,225
melancolli,127
_fredpimpstone_,565
leonardoofficial,388
ace2rider,629
henrynatanael,474
kielambert1013,311
trendejo_8,992
danieltarbox,35
number_four04,254
monicandreas,106
christinawwwh,150
m.s.knoll,70
vampybitme,350000
destersthap,547
palmtreesama,108
tea38451,308
lalala_lane,355
nikenjisneed,99
alexramen14,136
vdisla,396
dinobetic,0
jarvis0810,626
killakhaos2012,138
brileeann1010,370
kent_katana,37
nayrayokay,42
mereanne18,155
ccatlair,623
mark.siu,37
timunclebear,902
banana_deej,289
silkcitysiren,295
thevideogamenutt,910
gringatriste68,209
seeandrewgo,255
alepiro_sp,567
bwinterlib,95
reyespwrranger,25000
hodychoww,"1,198"
atmiyori,331
vic__52,132
toni.toni.toni,835
milo121,243
nezukiii184,708
kdtimms,196
stephaniesunata,200
lilgrl_79,279
andrelen_,468
kris.krispies,549
artistsanstudio,"4,322"
_pokebon_,55
xtremeracerzero,1
lvnw2017,31
rosie_rose013,115
djs1091,896
chars_inn_charge,339
brenden_pho,555
_andromedafilms,"1,118"
jxbrenes,602
shaare.beaar,313
lisa.willey.10,297
bazooka_bo,52
btrvn_,31
pakigya,"1,336"
plushymoon,180
portable_toaster_,28
t2the,771
mrsemb12,376
deadshot718,441
sssavvyg,287
pandatonyisme,138
maevemaruki,179
defective_asian,193
aenohe34,152
mrsvondrac,75
alibraplanner,"2,431"
kingscup99,64
ghostman879,83
lindzwhit04,66
rose.milk.tea,100
antonionum8,"1,258"
lesliebr0wn,"1,099"
jennifer_pogan,198
dmthompson2498,163
apocalyptichellfire,612
gold.covered.biscuit,262
life_according_to_wil,328
brayden.ngeow,"1,001"
nautarot,"1,117"
vtrevino7447_tfl,697
damnitram,"1,872"
trixyg99,90
nathanmarz,798
deeparziale,275
hannah__gn2,86
shipsnavigator,150
cc.magoo,127
bungholio12,0
knightlightart,81
david09376,162
ghost._.plant,417
marijuanoo_es,235
shlee_zee,575
83kamkam83,131
rb26ali,256
coop667,17
een.the.gummyworm.man,213
mrsbrogdon,62
clairebearz,276
oliviadeck,281
santistc,372
crazd_cat_lady,83
rooya5,51
ladypool87,78
gerbies305,127
ana_nevermore,873
lester_sincioco,364
glittermint,515
kida464,97
katethegreat1994,217
madebyasamurai,983
colafishx,81
ljc.view,29
z_vaper,10
alita.gg,456
katiecat2012,472
jomamaissofat,73
tcgconnect,344
blackleg_rom,138
tasha0628,70
mcveggie,262
zeoncannonfodder,165
sanji.pierna.negra,430
kahei_yiu,357
just_noic3,124
maiklam.life,126
aibpardee,206
azumia,618
leonroyce,140
teddyamore,919
israel_baez200,151
alphagizmo,217
toyarenainc,12000
misfitsabbath70,26
flores5505,116
jamandcupcakes,353
bblux.art,"1,064"
marycholx3,325
sarahboon85,115
gade2edag,154
sweet.invader,"3,069"
lt_v,540
gaoxinjay23,93
levelingupwrong,122
sweepstakessqueen,"1,326"
balance_d_ove,"1,186"
wcastboredom,126
nellotasto,889
moogleborg,839
woahitsjuan,609
omega_maddox,"1,026"
montsarella,613
hello.killer_,233
drews14,667
kimmiekat6,"1,062"
stphlng,151
ahriyanabobo,"1,288"
karatekidd2001,201
wasparkman,50
ht.b22,118
mmvargo3000,541
xxmrsdoomxx,764
_.n_m_r._,555
nishii_no,"5,278"
themallet,312
reinab03,290
tanker737,375
olliver.holz,189
denise.baeby,"1,630"
xcassaroni_and_cheesex,197
tse_mic,465
delildel,840
marvinlei,"4,624"
younghoon.park.14,151
l3eann,112
madebyzabe,477
yebbadebba,"2,317"
rhoovx00,114
jasmine.ico,777
dicebergsewell,18
frezhmen_dabz,64
d._pun,514
hollagrammm,"1,058"
just_some_birb,274
2chapulas,222
paul_espinoza,96
daisyfuentes99,428
cl.tg,"1,499"
vrown_rice,196
frostysrequiem,539
rianxtaylor,544
cakepop.cos,"1,392"
pandiddani,3
jorgitow_moralezz,427
samurai_scarabs,414
dante_r.q,225
dark_luluart,634
megzzzzt,294
brujeg,27
david_s1311,310
shin_gha_tzu_ma_dre,89
steffysprinkles,982
surferkay,132
gomezjash,52
theagentofhydra,48
jgunt9,663
jessopeachy,239
charbaker81,322
aviazn,38
vvoctober,91
yibbii,573
sicariussicarias,262
merrlomaxx,337
rowannkatrinaa,"2,557"
cuigy83,98
amx1948,146
_brandon.chung,0
starrdurrt,290
angyelo_xd,300
ricacosta90,398
damianwhat,126
qing_liny,619
donteatmenchi,171
pand5775,56
bunnybistek,217
jivebry,560
chris.paradiso.7731,216
epayne2618,266
heliath,171
blargster615,233
rosemasters24,122
anxiousnorthernerxo,839
beardedboydster,537
sschuchard6,175
efausak,172
wannyydan,436
awemazingashley,309
mrfredlaw,55000
whatthewongz,760
jovanni645perez,38
killdare.1,234
dat.one.asian.kid,120
pawinjiw_98,"1,061"
kratosboyer,461
slc_23,595
robotoyfest,"9,587"
jesus_camacho_toys,320
larahmzn,206
kyounngg,429
melissaacctg,32
jyossetempestus,99
priscillaitsang,745
romanwarrior84,"1,127"
danicaa_joy,468
kuo_nicholas,247
rebelsdawn87,30
benmead2013,424
dontor_cosplay,"1,611"
maelo_gunpla,318
imsancheezy,0
dcoythuggin,903
thedonsworld,202
eric.myztikorazor,80
gutsly_99,74
reapagedk,317
bertm1975,67
rmartinez8643,372
legendary_sumo,304
belindajaynex,38
frankpellumbi,503
selene.crystal.fa,389
bbymonkee,194
eddq_design,493
8bit.gumby,322
dezii.luvz.chu,210
mommabears50,8
laaaxa,141
bvince77,70
yimmyyimm,604
francesss_marie,"1,025"
shaggy2612000,578
c_rystal17,272
wesh.nul,117
jcomett2ts,96
littlecreepysmilec,159
abetech,79
stephanyheng,81
alex333s,178
jungjna,477
eeeze187,575
emerylg91,538
skotey,53
aidan.ker,130
thaizestrada,461
macubexuses,588
gen251,39
soy_daa_vid,272
bradawalts,852
miasgonz,205
theaaronrr,538
4kszs,118
venaur_gaming,301
ojuniorchan,13000
constanceinwonderland,"1,080"
aaronmdizon,231
silverkitsu,153
maxikoga2kagome,508
__deggo,394
hanabi.no.sora,92
kbmasseys,43
stephenoravec,196
just_a_simple_bun,172
briancttang,60
beecardo,231
flipzyu,"2,529"
santanero25,100
ikemura_tomoya,923
glacierhobbies,"8,096"
queensknight87,"3,666"
senedrian,77
nailsbyboon,385
s.kimkhav,236
cheung_wanggg,0
karynna_bseng,"3,007"
joy_cce,"1,284"
anikiotakunosekai,118
addollhouse,705
rickywins,521
mcadawg2000,25
frosted_dream,625
ivypringle,368
pixiequeenraze,271
colchadoarturoesteban,110
quicho_la_maquina,216
0xnewin,388
darkpops_,31000
treetopburners,0
spellboxcomics,"3,069"
erik.04211,892
msjennieo,314
maazwaqar803,62
kbinpixels,285
holmusaf,166
prettyopal26,230
theophanyyy,397
warren.carlson.315,30
meximeltv,218
alicia_pizzia,689
c.w.joseph,864
bishonenjump,551
wathnchayaeymaesngsangkh,127
thaiguysky,123
2dkiki,510
sarahm________,"1,204"
abelard145,91
rulk21,393
bandbcollectibles,362
eeaazzayy,240
outkast2552,266
luischipe12,54
paulporry,731
zomaspirit,304
outlawnewtypes,"2,138"
gardner2089,167
ch4rq,241
jealline,"1,478"
londonboyd_6483,484
liobardo_lemus,263
preston_and_gigi,518
gunpla_joey,"2,802"
smkt281,67
226hori,242
jasdeep_lotay,189
therosscat,361
jeanyca,516
cjam820,35
steveny1988,"1,024"
atozmom85,324
punkgothpisces,521
elliott2703,231
driskillabby,110
lavonne200338614,437
vivalajoteria,615
pakanacthecollector,184
layla__warren,995
the.dapper.duo,"9,666"
ms_heather217,133
rosanayerubi,"1,175"
r.lee253,123
yourusedtshirt,125
n.skylarr,"1,973"
stacy__marie18,387
fireball1326,54
karlwithakvivi,349
carlos_angeles93,561
stephlovessteve,"1,253"
elevatedmugetsu,418
safs88,2
svoenliaa,0
lesliemegan825,60
ludens_falling,545
_mtrangngg_,149
sonyawithaylarson,124
ittmonster1997,273
moefrmdase,628
seaneo2nd,65
dairygirl33,0
miguelamercadojr,426
diego_g11,828
_jeween,370
fayzeigler,416
jah_collectibles,761
nuiz_sn,172
joshuagoodale,170
dlee724,100
brabrun97,111
gabbiemontbrun,37
mrs.ali_garib,97
bigb7469,17
alan_lo19,223
king_of_dorkness,92
zzpop85,75
haagermeister90,275
abaggy,"1,044"
wilshirerebecca,304
mi_taso1129,16
studiomiscast,"4,334"
mr_lowpez,317
roncoms33,152
yerio7,736
el_fluffy818,"1,069"
she_wolf77,429
iceteafairy,52
mary_rutter,516
whirleymonsoon,221
onichanchicharron,436
d_vanourney2020,328
jordonx97_,224
sjbutterfie,526
spookystrix,"1,184"
wolfienadz,88
turbo_is_jordan,735
justtmatt88,"1,036"
dmaris136,826
chowshubao,420
eeveelover12,420
tehp0le,98
darkzerosoul_01,94
junyah54,299
cheryl.valdes,153
ravenous002,537
tahoejc,89
trancp,240
tryl1755,13
eatsmallanimals,801
kitty.cap,"1,159"
1nfam0uz,322
hotcha1,169
skittle_biskit,124
alessio_03_29,168
rawrz_wendyy,443
laz523,133
mattystar1,24000
kimster811,540
ale_m_g_s_19,57
sad_infinitum,83
missy_jya,509
mifurey,657
melodywolfkissedfx,"1,379"
_michaelcasanova,669
muffkeke,212
whyuhayden,873
ronpanda,875
al_lona,650
emanuelsierra0,142
mikako.ogata,97
smoekan,722
gundamobsession,"1,158"
mainwun,240
fuugazikat,251
kingfansac,61
wainionpaakenneth,146
sharker102s,100
pikaswoosh,52000
yosoymarcel0,626
professorcrazy,244
teabunni,201
kiddhollyy,"1,811"
sarai.sansone,972
approvedelf,136
foxtail40,"4,325"
wolfstargirl1298,218
emobmth,644
davemlhill,392
terryjoseph21,73
sanchrose5,242
gundam_addict85,382
mikeandama,113
jh.archive13,27
supreme_slacker,295
bayani_1209,56
shelvy3000,204
dorsetpickers,"1,806"
_aspheric_,108
darrelj402,320
chiquissmv,529
nagutoes,632
treallee4lyfe,11
ironchefaldo,215
sherlockfeng001,29
laynelin_,53
zeter_zelke,5
kkcali00,302
twiinkii_lover,151
stellabunny83,4
frankwestbysouthwest,830
2nkedy,25
moonflowerstation,"6,431"
orlan_225,168
lacheasis,69
vanesshroom,197
krazy_kat_dad,29
sabermyflavr,436
oscarlau1234,30
theweekinnerd,244
angelmroque,340
kimberlyterry165,108
lazyo.is.sweating,"1,230"
joycelambchop,108
whursoi,31
carmensii,587
akumaz_34,"1,029"
ironavenger52,860
deus_ex_mecha_plamo,230
konstantine.11,495
capcadet104,221
princessrato,363
jasonjames_25,"1,373"
rice_farms,63
beausiful,394
stephachu,"7,704"
crystalwreck,78
jon_rosas,223
esme_xicana,266
joselitosworld,240
khjaydenl,129
animeegeek_,1
nckdeleon,156
edgar_debbie,339
youreverydayhousecat,413
chibi.gato,"3,227"
crist.munoz,"1,099"
marlboromuncher,821
vinnie2good,31
sam_eckhart,327
pp.giigii,54
yubinsonggg,162
jacquelinedauchenbaugh,320
hadleyjurystewart,59
laketicakt,109
bakl346_muajt,85
strightbuild,1
sailor_bratzilla,15000
acorbrey,117
bandainamcoau,"4,515"
jeonnwwoo,0
asura_vamir,110
mingan17,86
cmsb901,230
jawmonkeygames,353
gabrielfilgueiras2003,567
instasammyd29,761
patmorgan154,6
sayo.stitches,207
subtlypassingby,110
johnny__bargas,554
shinenlite,174
ranyanemelo,16000
sanditaj729,104
mzparker07,136
grizzlygreen9333,"2,005"
thekilohashira,"7,588"
ed_to_the_win890,155
dougviener,307
sauce.babygirl,377
dexholderrachel,957
kawaii_bubi,26
kenzie.hendrickson,469
d3vilraquel,"3,620"
mixxed_vixxen,893
verticulator,56
chivo_abreu_estrella,610
shadow_of_gaia,121
gravion1980,129
davidpaulrodriguez,73
big_evol,465
omeganghost,266
julliantics,374
stephknowswho,122
ss3pennay,302
poisonapplemarkymark,692
millionssp00ns,"7,271"
jenric777,264
spazmodic85,226
thirayuchueawong,903
caridadj.hilaire,217
_ilovespicegirls_,44
meamz02,51
jessdoann_,566
lvstcoree,212
opal__14,71
sanzakikojika,828
eating_since89,359
allthingsfree1978,307
red6seventyfive,100
chaoticgoodjenna,876
k.mienphilom,227
nisacz,86
kindaguy3,158
kat_mai6,163
pugsy.studio,216
wuwu_92,176
hockey_masks_art,206
k99dixon,179
jodidhudson,331
90qa._,383
james.edward.anderson,630
the_real_seth_c,47
mewwlinaa,"1,136"
gaylene0528,343
magiagirl9,78
arirose09,"1,435"
annettispamghetti2,41
yayyuyu28,23
seektruthseekgod,"1,627"
bloo.phrogeee,58
stuart.moto.hiroshigw,341
apotterdesigns,264
lunamonkeyd,84
alex._.xp825,66
kingjohnathan24,120
maria.fuenzalida.3998,343
fksaandre,158
melody.alaskanmal,109
maramingpins,"1,178"
harbertjj,830
stygianhoplite,74
malewifekiller,25
banana81420,50
gina_ferrell,"1,313"
dastaffcorporal,376
squee2007,97
royalprincess290,168
adi30108,95
toku_toy_impact,427
asmkmatsumoto,511
kbryson101,57
thecoolmandannyvan,863
kkkk10919329,0
bowtiefanatic,978
rominmutt,977
manh91,170
cathy.gallagher.904,76
fongoresmobilesuithangar,348
hkudt,597
animation.playground_123,610
bestboys_pod,536
dancer__hauk,34
genereams135,775
bryan__tea.02,504
weirdoman777,220
niffyd1984,0
nykkegawd,409
arejaydesigns,"6,919"
vinceyqc,310
auggie_dogg,238
yuji.itadori.0209,1
abb.ducted,0
wwhiteraven_,304
ilovemylife75,634
mo_ibasco,717
kmig0018,104
hu.2_223_,188
land.cathy,84
prepare_for__disappointment,7
itss_jesssie,832
edgyarmo,564
824system,190
cbadol_,310
yenmar16,254
basicallymindy,317
a8113704,0
enchanted_tiki_cottage,179
kiwieko_,67
cate.lynn2,172
chase_13259,192
automatic115,187
zerodevise69,82
gabrielebrandon,96
s1depc430,871
davidhoward7308,9
bunni_jenna,759
verserei,262
kalei7796782,0
_erictionn_,500
newwaveplusplus,265
alexthatguy29,700
world_renowned_travel,57
heitianqianmingk2,604
the_johannarama,27
hrlykbt,0
thezeonicshadow,"1,358"
gettervarcarts,558
project_jasmine06,131
aprilb.adventures,249
thehobbyist_au,"2,112"
striderneko,2
bodla_17_ar,150
sunnybrew22,709
coolkidxombie,483
sandrahutzler,191
kyguy121,408
codinginnyc,95
ang3l.ma3,168
mayerlie2380,251
gundamshoppersnetwork,"2,863"
diamondkatrush,0
saraccodebbie,93
legendofrgv,0
mossconsumer,101
androidpillows,11
sabaslaird15,524
conemanstudios,26
daniel.bowen.330,93
grumpybeardspod,79
4279zero,27
kcrosson95,206
konnichiwa_canada,67
michael__so__yoshimi,13
d.m.r._15,249
swongyk,251
ohjamesy,"2,310"
mallibuuwithu,423
klidepharrow,11000
megahouse_official,39000
matildaxguthrie,"1,082"
eva__zhou,412
love.simone.xx,488
tojiposie,166
dinonnuggies,194
sparetime.store,"6,631"
thicky.nick_,94
ivyk.am,173
kawagunpla,290
henryofthefold,5
manga.nat,"3,486"
kira.kabuki,41000
ca.nbe.rk,288
lorelai.collections,"1,319"
mikeyfg2mike,516
kimnord6,400
danielzilla2113,338
booksotaku,63
jeepster_ass,74
toyzillable,"2,019"
z3r0to,52
day_dreaming_moon,490
_midori_666,43
grimrippper99,109
vicanthropy,134
bandai_uk_collect,"2,666"
peyjinnn,264
danadenay2021,180
j_vang1,570
aubreyadaniels84,248
ix.thegod,139
ruptx267,42
missblondie1369,408
wallysidor,309
xtinaelena_,107
gbanshee07,42
papapolarbear1980,161
forever45er,575
brandidanielledavis,"2,841"
00bro_e.z_mom,673
totallynotreb,11
therealkevinjames69,238
_cannoli,372
destroyus250,64
anne.m.essex,20
rustygunpla,20
hxavven,7
theclosetworm_rgv,915
ninaxsleep,124
cs_carrie,267
haikyuugone,22000
rigojrrockstar0,113
otaku.witch,205
themolls22,118
nana_travelz,104
thatone_foodperson,80
bohemiancrow,1
rayboodram,281
zucch1n1bred,212
ashley.m_rn,369
kung_fu_kohaiyo,3
mama_trea,285
jtorres1977b2600i,590
six6cubed,"3,962"
genkaicorp,112
majoremichan,56
afhleonv,68
mjvillaraza,143
gundamvisuals,"1,624"
shadajohnsonwarren,470
mikeedean62,326
sunflowerwax,420
minni.moonlight,29
darius.parris.564,221
ran.dom11312,0
elimorris25,45
fantasyxmaps,67
justintodd1992,11
my_cat_is_.dead,120
deldaro719,222
in_other_world_2022,51
tamara.burks.73,39
williamsjanae195,32
lindakelley118,141
toy.rsrch,39
yuri_botan,132
tums2k,25
lele_th4,63
figureshunters,"3,586"
localgundamexpert,170
soraluv1,375
juliepurin,72
yasuicollectspr,594
raddd_ish,134
ocasioandre,700
gricixthaeo,75
ktaphouse,143
sparkeee65,294
valoisalbarran,56
notofozstudios,"1,174"
funkolover4ever,7
aubreyblazecrookshanks,0
maneki.neko_official,30000
skonp.vs,172
7lukiz,321
rinatherainbow,726
codeg27,341
asianneko1,21
pancakebunns,978
kreativityeventsgroup,303
swallowyourwordslikeaplacebo,110
hitevickie448,35
austins_clawset,365
grandline3452,0
spike_ohs_garage,"1,301"
donjacz,347
heathershyrer,55
smocksss,"2,540"
lion.musashi,80
fantasticfrank85,0
bewitchingchick,137
c_harrisswe,73
marcelo_bocian,420
ericbartoloni,202
lauraannlamb,70
so_blessed_anime,58
acer_nanaba,3
hydra.bryan,647
bimori157,2
zik.o84,366
darlene24xoxo,253
yugyeonggug49,701
crybaby.xls,5
smallchangetoys,199
dewydewdrop64,158
jen_galindo13,460
littletokyomarketla,"3,657"
classicellie,"1,229"
melly.moon22,137
paulcashmoneycarter,223
cassianapaz,156
bevsm64,317
dr.mel20loveanime,117
slimeto383838,1
voidthewerewolf,29
spiral_heartache,22
ashia.smith.144734,54
bakugou_katsuki19cookie,190
hanairokimisomu,206
pagiecollectibles,309
beyond_omni,139
purllion,36
ontoto,45
quocbuu1229,68
unstopable_kiddd,341
ninjaxchick,145
chumilil10,38
loveofbmore,163
alexkasmart57012,"1,755"
victoriawagner4256,29
mallissa5865,6
tiff.chum,0
kono_hatoys,31
lorvord,46
latenightstokyo,80
jeffreyalangeer,135
altoyoshii,0
jrosie99,96
emirzuhairi,3
cclange27t,40
michelecguinsburg,129
cosaniman,994
kennyluu21,59
derpy7664,98
funkobrick,476
baijnauthpr,3
d6coin,0
mugiwaralexi,36
jorhentai,128
kibblesis1,154
zkaarey,384
priveijt,5
ravensdance888,0
carrieacapehart3,437
jujumcnubbin2,297
jcudney83,194
jaspuff,246
jinch369,1
toy.figure.photography.hobby,378
ian_reitzell,51
lady_red_g,194
zlds110,1
soullauren,298
respect2theutmost76,23
skaggernaut,0
late_night_grandpa,195
naisuspaisu,235
lameradel17,31
gatocabreiro,310
durr_burger_shack,67
perezoso_dg16,52
jonsharpton,130
thee_lil_okimoto,76
the_kenner_kid,729
the.warfighters0701,14
figarlandcollector,737
prixsama,51
natevtg,704
oedasis,81
kaijunewsoutlet,48000
rek36079,49
markhsiangyu.feng,212
shadow4985,195
kimciaccio,546
_.milly._gomez._,0
pant_era3333,55
isaac_tomlinson_2006,285
seanrobert7444,319
teaa.7727717q,52
l_arryl_,387
emilytruong14,551
katielouripley,429
black_hell1022,219
amandagardner3068,393
theprinceofhell113,260
yovaniquinteromon,1
hashira_collectors,623
lilguiselivin,56
rivals.corner,17000
monkey.d.luffy213_,384
pani.uwu,316
journeyex6,124
goingmomo,"2,382"
azurathetisia,0
hunter0007,536
beastking19926,43
hiaiiaiai_a,141
dagunplakid,484
mishishelle,463
gaab.ye,286
jeffydew,"2,527"
2017cdcd,6
hippopotamus_0211,347
kpopdenver,145
mr_roboto0o,266
nanoalawadhi,444
_.jo.bella._,224
mccullarbilly,"1,329"
fallchild1981,267
moonchildbeats,168
49yagi,57
peter_pretell,240
its_mjh06,277
gunpla_region_studio,29
thieeju.huy,162
rossisenyum,162
mewo_genesis,79
hightech30x,6
yael2001abraham,57
married.withnendos,148
cherryblossomcris,1
doreen.shing,75
alwaysdownforchaos,100
stellaursa,65
vicmanram1,296
tempestafleur,5
harpoonhobby,47
rodrigosmereles,81
ahn.808,0
cyoung452,294
akahoshisenjo,136
andy075775,109
tsukis_figures,418
ftsans129,468
vchanada,194
luis_cosplays,812
colleendebs,381
tamarisk100,101
chef1ersp,"1,469"
removed_collectables,214
henshin_cyborg_d,"1,264"
jimbarbump,22
robsoncarlosdep,150
jtucer73,399
squishy._.acorn,46
repressyn,168
aresonancekilo,29
bella.barbierm,"1,274"
saintamerican,62
misadvmom,389
honeycomb_ventures,201
mizuhime07,484
faaith_215,292
kd.cosplay,"2,216"
bl0ndie.__,200
hugovaldezlara,29
toytoytoyyyyyy,10
sam.elsworth,67
starkresilient,365
gloomy_kkuma,179
1018toys_collectibles,106
twinky.winkey,35
jpl690_funko,885
baekkone,1
ferns.pops,648
uwakinas2d_3d,597
dafchisevil,333
theofficialsaladbar,125
lordserevi,194
kittymeowm3,61
scbladesfan,167
enter.d.magic,"4,176"
maldo.exe,30000
shirleypeng123,317
applehead.tanuki_,49
dayoldgames,646
hibernatingfish,42
derrick.bolton1,363
fistful_of_design,90
comicladenxtraboox,658
emmy_florkey,178
viola_azurite,57
josephgonzales1992,165
patersoncool23,0
evilnok,77
big_zuuly,176
irumakunsgrandpa,37
cutewrldstore,6
faithstoreofficial,763
udonluvr5000,491
sheepnduck,11
lmwry_lzwy,0
mdgd_09,0
anngel_x03,40
soy.german.vargas,153
d_sanchez3218,270
colorlesspython74,95
2012.3108,28
stty02_16,13
derrycake,"4,008"
devilspider2024,7
avah.0d,20
geekssafehaven,412
crystals_mw,181
sammy.moon.cat,55
buns.bounty,4
etrunktoys,240
njf288,689
christinatran3777,414
various_geek,4
baddcsaba,71
animeotakuhobby,455
biowarfareproject,2
mumi_ten,"3,376"
hermanos.fantasticos,7
anal_uiza5630,56
klikibutter,110
miltonj292,24
mochi.treasures,173
vaylewantstobattle,59
la_nica_ozzy,85
chinchillaluvr,50
myhobbyvn,6
dorarecs,138
colo_dc2,729
hearnmolly,217
tmeister92,267
superluckycollectiblestore,6
weeaboowizardxcv,85
joeschmo200601,60
turonyy,8
mom2.3luvs,"1,391"
tduerr.masimo,119
angiesanimedungeon,317
shinxo_o,37
beru.cos,"1,249"
undone702,447
garrett.palacios,196
conmvyo,"1,935"
jeremiah_jose_,22
vstarlingbooks,"1,766"
lucidchii,52
yogirltaytay2024,88
_charles.x.lam_,524
anna__guerrero,150
angryboy_collects,"1,016"
joce_v0425,94
inquisitive.lupita,0
aqp_store7,10
mrflawtoys,"1,719"
redleader359,47
javierhernandezpineda2707,60
japmom70,28
jimmeh_hs,58
real_rob_zombie,499
stridanfx,6
sweepsandcontestsnet,112
choyling_,10000
theaiartofmorriganaustin,719
onefigures_toy,257
seentoys,3
cherylmariehunt,6
lunfardo_arte_y_diseno,648
luna_89ema,350
mugiwxra_,"1,582"
emilytheestrange_,1
samknight7432,51
sadpingal,197
kaysonvang,64
ryledyaxiq,28
jozsa427,9
clawaholicanonymous,6
chrisbankus,454
mikadusty,89
d4toys_us,5
iag8482,233
tiffanylane0411,256
sab.rizza,87
mercury.aqua.rhapsody,90
toru_.sg,"1,232"
ri_se72,7
xd_yippie_x3,33
nyattebayo_,10
spear_c.b,448
sales_division,134
tamara.barbieri,367
mjoy.dumlao,116
dpcollectibles,916
theservicemutts,"4,014"
devdev76,34
grislibear97,134
kamen_underscore,"1,489"
queenkathyf,56
andrewawin,164
dj_cp,886
myogobblin,115
spookyvonsweets,133
trungvo9423,155
ashhh.ie,341
cat.teves,91
ultrazillatoys,"5,572"
melindasbarlow,691
kygirl8787,884
just4funstagram,274
onin_prime,81
dragoonielad,"1,036"
icequeen79007,149
rick.e.ricardo,773
miho.mouse.cosplay,856
stephanie_tsztung,829
janice.penson.3,160
killa_yak,"1,743"
barfieldtracey,158
allie_rs3,287
snash2939,121
many_midi_melodiez,419
herooftimex3ds,354
daixy.xaldana,204
carmenng0513,69
lizziesergi,397
vincentwong1129,26
vivianwwf,183
byropla,"2,982"
crystal_u3711,145
col.rutherford_27,377
colton_shields04,864
exitsangel,162
ppp.acpaco,182
official_brandeezy,"1,907"
jenniten4,500
amumelinda,402
hadsvich_reykjavik,35
ksmhnun_______0_0,470
charstine22,63
izzy_pew,462
cobrapla,"7,195"
burnsmastic,206
sippygirl,479
huijing_peng,42
jaykloosterman,200
korie.brown.946,397
thtquirkygirl,724
jess.cado,170
keanonjessup,314
gundam_jeck,516
troglofauna,814
nene6ganj1tr,242
tpham97,76
cpl_phil,70
john_tomlin_jr,278
laycoffin,285
alialexcosplay,29
g._.sof,163
adonnymanson,111
nguyenjewelpham,19
meerykat,466
dts110south,524
mr.milkmonsta,244
asukaunit02,940
had.tff,415
skatz44,170
jt37711423,82
kinreave,107
cmacdizzle,198
inyuasha85,12
viceyvice,214
sweetiieyunz,111
of_fish_and_flowers,64
tekgnome32,229
furrrypurrry,0
raycee72,92
papipana23,631
waratkit,"1,128"
adriannableka,254
mosleyzander,196
nikki422,"1,570"
arima0031013,131
neogeoking,4
bradenmcthenia,103
pennnnny1120,52
katrian6678,194
shaf21,965
azurered51,124
skip_beat_92,12
julieeetz,511
fr.088,30
kee_toy,0
thetofushoppe,108
